Madhu,an,2024-02-28 09:48:25
Madhu,do,2024-02-28 09:49:57
Madhu,oh,2024-02-28 09:50:38
Madhu,be,2024-02-28 09:53:04
Madhu,boy,2024-02-28 10:49:35
Madhu,may,2024-02-28 10:50:22
Madhu,sit,2024-02-28 10:51:10
Madhu,art,2024-02-28 10:51:52
Madhu,ear,2024-02-28 10:53:08
Madhu,job,2024-02-28 10:53:30
Madhu,sky,2024-02-28 10:54:03
Madhu,run,2024-02-28 10:55:26
Madhu,pay,2024-02-28 10:56:17
Madhu,lie,2024-02-28 10:56:43
Madhu,ear,2024-02-28 10:57:35
Madhu,cry,2024-02-28 11:00:52
Madhu,him,2024-02-28 11:02:06
Madhu,her,2024-02-28 11:04:13
Madhu,arm,2024-02-28 11:04:37
Madhu,boy,2024-02-28 11:05:24
Madhu,low,2024-02-28 11:05:46
Madhu,ear,2024-02-28 11:06:25
Madhu,buy,2024-02-28 11:06:56
Madhu,leg,2024-02-28 11:07:45
Madhu,sea,2024-02-28 11:08:00
Madhu,ask,2024-02-28 11:10:11
Madhu,try,2024-02-28 11:12:44
Madhu,nor,2024-02-28 11:13:42
Madhu,mix,2024-02-28 11:14:23
Madhu,are,2024-02-28 11:15:33
Madhu,die,2024-02-28 11:16:05
Madhu,who,2024-02-28 11:16:43
Madhu,set,2024-02-28 11:18:31
Madhu,law,2024-02-28 11:19:05
Madhu,nor,2024-02-28 11:25:50
Madhu,win,2024-02-28 11:26:38
Madhu,get,2024-02-28 11:26:56
Madhu,ear,2024-02-28 11:27:30
Madhu,its,2024-02-28 11:29:30
Madhu,few,2024-02-28 11:29:47
Madhu,rub,2024-02-28 11:30:36
Madhu,our,2024-02-28 11:31:53
Madhu,its,2024-02-28 11:32:03
Madhu,its,2024-02-28 11:32:03
Madhu,its,2024-02-28 11:32:03
Madhu,its,2024-02-28 11:32:03
Madhu,its,2024-02-28 11:32:03
Madhu,its,2024-02-28 11:32:03
Madhu,its,2024-02-28 11:32:04
Madhu,its,2024-02-28 11:32:04
Madhu,its,2024-02-28 11:32:04
Madhu,its,2024-02-28 11:32:04
Madhu,its,2024-02-28 11:32:04
Madhu,its,2024-02-28 11:32:04
Madhu,its,2024-02-28 11:32:04
Madhu,its,2024-02-28 11:32:04
Madhu,its,2024-02-28 11:32:04
Madhu,its,2024-02-28 11:32:04
Madhu,its,2024-02-28 11:32:04
Madhu,its,2024-02-28 11:32:04
Madhu,its,2024-02-28 11:32:04
Madhu,are,2024-02-28 11:33:15
Madhu,dry,2024-02-28 11:33:39
Madhu,boy,2024-02-28 11:34:16
Madhu,die,2024-02-28 11:34:33
Madhu,sky,2024-02-28 11:35:13
Madhu,add,2024-02-28 11:36:00
Madhu,nor,2024-02-28 11:36:19
Madhu,may,2024-02-28 11:39:01
Madhu,new,2024-02-28 11:47:29
Madhu,fear,2024-02-29 15:58:04
Madhu,end,2024-03-01 12:15:34
Madhu,sea,2024-03-01 12:15:54
Madhu,yet,2024-03-01 12:17:03
Madhu,pay,2024-03-01 12:19:03
Madhu,dry,2024-03-01 12:19:19
Madhu,own,2024-03-01 12:21:16
Madhu,lie,2024-03-01 12:24:06
Madhu,try,2024-03-01 12:24:27
Madhu,use,2024-03-01 12:25:37
Madhu,run,2024-03-01 12:29:03
Madhu,nor,2024-03-01 12:32:19
Madhu,lie,2024-03-01 12:33:19
Madhu,die,2024-03-01 12:33:59
Madhu,fig,2024-03-01 12:35:55
Madhu,joy,2024-03-01 12:38:33
Madhu,let,2024-03-01 12:39:42
Madhu,get,2024-03-01 12:40:03
Madhu,sea,2024-03-01 12:40:46
Madhu,two,2024-03-01 12:53:32
Madhu,sea,2024-03-01 13:00:12
Madhu,end,2024-03-01 13:00:30
Madhu,buy,2024-03-01 13:01:08
Madhu,try,2024-03-01 13:04:51
Madhu,gun,2024-03-01 13:08:13
Madhu,put,2024-03-01 13:08:31
Madhu,few,2024-03-01 13:09:57
Madhu,boy,2024-03-01 13:10:15
Madhu,boy,2024-03-01 13:10:15
Madhu,boy,2024-03-01 13:10:17
Madhu,try,2024-03-04 15:11:10
Madhu,raw,2024-03-04 15:12:42
Madhu,bee,2024-03-04 15:18:36
Madhu,cup,2024-03-04 15:21:27
Madhu,did,2024-03-04 15:22:08
Madhu,jaw,2024-03-04 15:23:03
Madhu,soe,2024-03-04 15:24:04
Madhu,tie,2024-03-04 15:25:34
Madhu,ink,2024-03-04 15:27:46
Madhu,soe,2024-03-04 15:30:31
Madhu,won,2024-03-04 15:44:14
Madhu,try,2024-03-04 15:46:13
Madhu,ash,2024-03-04 15:46:56
Madhu,sue,2024-03-04 15:48:37
Madhu,sue,2024-03-04 15:51:14
Madhu,end,2024-03-04 15:51:35
Madhu,fee,2024-03-04 15:52:00
Madhu,boy,2024-03-04 15:54:02
Madhu,fix,2024-03-04 15:59:39
Madhu,jug,2024-03-04 16:02:08
Madhu,put,2024-03-04 16:03:47
Madhu,sea,2024-03-04 16:06:44
Madhu,ab,2024-03-06 17:11:02
Madhu,ab,2024-03-06 17:15:34
Madhu,om,2024-03-06 17:16:29
Madhu,ah,2024-03-06 17:17:28
Madhu,ha,2024-03-06 17:19:52
Madhu,few,2024-03-06 21:37:51
Madhu,awe,2024-03-06 21:40:32
Madhu,gaz,2024-03-06 21:41:10
Madhu,ewe,2024-03-06 21:43:08
Madhu,mae,2024-03-06 21:43:47
Madhu,hop,2024-03-06 21:44:54
Madhu,mae,2024-03-06 21:47:41
Madhu,wee,2024-03-06 21:48:28
Madhu,cut,2024-03-06 21:49:10
Madhu,ton,2024-03-06 21:51:15
Madhu,mae,2024-03-06 21:52:23
Madhu,law,2024-03-06 21:53:19
Madhu,ewe,2024-03-06 21:53:54
Madhu,buy,2024-03-06 21:55:21
Madhu,put,2024-03-06 21:55:46
Madhu,gaz,2024-03-06 21:58:36
Madhu,gaz,2024-03-06 22:01:04
Madhu,mab,2024-03-06 22:02:17
Madhu,mab,2024-03-06 22:10:37
Madhu,rub,2024-03-06 22:11:37
Madhu,aid,2024-03-06 22:12:41
Madhu,hew,2024-03-06 22:14:16
Madhu,ods,2024-03-06 22:14:36
Madhu,ara,2024-03-06 22:14:59
Madhu,mab,2024-03-06 22:15:44
Madhu,eta,2024-03-06 22:16:33
Madhu,hub,2024-03-06 22:17:33
Madhu,odd,2024-03-06 22:18:58
Madhu,raw,2024-03-06 22:20:27
Madhu,raw,2024-03-06 22:21:08
Madhu,hew,2024-03-06 22:22:19
Madhu,yet,2024-03-06 22:36:27
Madhu,mae,2024-03-06 22:39:24
Madhu,few,2024-03-06 22:39:57
Madhu,gen,2024-03-06 22:40:44
Madhu,web,2024-03-06 22:41:04
Madhu,buy,2024-03-06 22:42:17
Madhu,cut,2024-03-06 22:43:12
Madhu,ewe,2024-03-06 22:44:13
Madhu,cur,2024-03-06 22:45:06
Madhu,ewe,2024-03-06 22:47:41
Madhu,try,2024-03-06 22:47:49
Madhu,web,2024-03-06 22:50:42
Madhu,dry,2024-03-06 22:51:10
Madhu,try,2024-03-06 22:51:44
Madhu,hew,2024-03-06 22:52:52
Madhu,dry,2024-03-12 17:11:23
Madhu,hub,2024-03-12 17:11:53
Madhu,hub,2024-03-12 17:12:15
Madhu,awe,2024-03-12 17:17:43
Madhu,eta,2024-03-12 17:21:06
Madhu,eta,2024-03-12 17:21:07
Madhu,eta,2024-03-12 17:21:07
Madhu,eta,2024-03-12 17:21:07
Madhu,eta,2024-03-12 17:21:07
Madhu,eta,2024-03-12 17:21:07
Madhu,eta,2024-03-12 17:21:07
Madhu,eta,2024-03-12 17:21:07
Madhu,eta,2024-03-12 17:21:07
Madhu,eta,2024-03-12 17:21:07
Madhu,eta,2024-03-12 17:21:07
Madhu,eta,2024-03-12 17:21:07
Madhu,eta,2024-03-12 17:21:07
Madhu,eta,2024-03-12 17:21:07
Madhu,eta,2024-03-12 17:21:07
Madhu,eta,2024-03-12 17:21:07
Madhu,eta,2024-03-12 17:21:07
Madhu,eta,2024-03-12 17:21:07
Madhu,eta,2024-03-12 17:21:07
Madhu,even,2024-03-12 22:02:37
Madhu,rose,2024-03-12 22:03:01
Madhu,increasingly,2024-03-12 22:08:16
Madhu,more,2024-03-14 16:07:20
Madhu,than,2024-03-14 16:08:29
Madhu,awe,2024-03-14 16:17:26
Madhu,boy,2024-03-14 16:18:13
Madhu,boy,2024-03-14 16:18:51
Madhu,eta,2024-03-14 16:20:13
Madhu,eta,2024-03-14 16:20:23
Madhu,awe,2024-03-14 16:20:59
Madhu,went,2024-03-15 20:09:51
Madhu,tell,2024-03-15 20:13:43
Madhu,suit,2024-03-15 20:16:39
Madhu,aide,2024-03-15 20:18:18
Madhu,push,2024-03-15 20:19:18
Madhu,lead,2024-03-16 09:48:42
Madhu,said,2024-03-16 09:49:09
Madhu,fire,2024-03-16 09:50:24
Madhu,cook,2024-03-16 09:53:28
Madhu,case,2024-03-16 09:54:49
Madhu,this,2024-03-16 09:57:08
Madhu,feel,2024-03-16 10:05:58
Madhu,need,2024-03-16 10:06:36
Madhu,need,2024-03-16 10:10:03
Madhu,grew,2024-03-16 10:14:33
Madhu,each,2024-03-16 10:22:31
Madhu,read,2024-03-16 10:24:32
Madhu,hygiene,2024-03-19 02:14:48
