User,sea,2024-02-27 10:02:15
User,trip,2024-02-27 11:09:29
User,shine,2024-02-27 11:10:59
User,probable,2024-02-27 11:15:05
User,except,2024-02-27 11:17:18
User,written,2024-02-27 11:26:37
User,bar,2024-02-27 11:47:01
User,whether,2024-02-27 12:07:37
User,liquid,2024-02-27 12:08:41
User,wheel,2024-02-27 12:19:50
User,wash,2024-02-27 12:21:41
User,here,2024-02-27 12:48:33
User,sound,2024-02-27 12:58:58
User,walk,2024-02-27 13:17:31
User,figure,2024-02-27 13:20:02
User,allow,2024-02-27 13:20:42
User,allow,2024-02-27 13:20:46
User,egg,2024-02-27 13:21:16
User,probable,2024-02-27 13:22:26
User,jar,2024-03-04 15:04:29
