User,sign,2024-02-27 11:09:19
User,problem,2024-02-27 11:11:19
User,nine,2024-02-27 11:12:51
User,snow,2024-02-27 11:16:32
User,spell,2024-02-27 11:17:50
User,never,2024-02-27 11:27:03
User,if,2024-02-27 12:07:01
User,bright,2024-02-27 12:08:06
User,us,2024-02-27 12:08:31
User,than,2024-02-27 12:19:28
User,occur,2024-02-27 12:21:29
User,world,2024-02-27 12:21:52
User,visit,2024-02-27 12:26:50
User,sister,2024-02-27 12:46:26
User,a,2024-02-27 12:46:54
User,found,2024-02-27 12:47:51
User,many,2024-02-27 12:48:40
User,space,2024-02-27 12:51:34
User,they,2024-02-27 12:52:54
User,corner,2024-02-27 12:58:48
User,right,2024-02-27 13:17:22
User,summer,2024-02-27 13:19:11
User,baby,2024-02-27 13:20:52
User,will,2024-02-27 13:22:20
User,fig,2024-03-04 15:04:58
