Madhu,on,2024-02-28 09:47:11
Madhu,or,2024-02-28 09:47:49
Madhu,we,2024-02-28 09:48:09
Madhu,my,2024-02-28 09:48:18
Madhu,by,2024-02-28 09:48:42
Madhu,us,2024-02-28 09:49:10
Madhu,in,2024-02-28 09:49:20
Madhu,an,2024-02-28 09:49:28
Madhu,if,2024-02-28 09:49:37
Madhu,up,2024-02-28 09:49:47
Madhu,do,2024-02-28 09:49:56
Madhu,me,2024-02-28 09:50:52
Madhu,so,2024-02-28 09:51:14
Madhu,am,2024-02-28 09:51:23
Madhu,a,2024-02-28 09:51:28
Madhu,as,2024-02-28 09:51:38
Madhu,it,2024-02-28 09:51:46
Madhu,at,2024-02-28 09:51:53
Madhu,to,2024-02-28 09:52:00
Madhu,go,2024-02-28 09:52:06
Madhu,no,2024-02-28 09:52:15
Madhu,of,2024-02-28 09:52:21
Madhu,I,2024-02-28 09:52:28
Madhu,oh,2024-02-28 09:52:47
Madhu,is,2024-02-28 09:53:18
Madhu,he,2024-02-28 09:53:33
Madhu,be,2024-02-28 09:53:53
Madhu,one,2024-02-28 10:47:01
Madhu,see,2024-02-28 10:47:07
Madhu,war,2024-02-28 10:47:34
Madhu,bar,2024-02-28 10:48:16
Madhu,dog,2024-02-28 10:49:01
Madhu,had,2024-02-28 10:49:59
Madhu,oil,2024-02-28 10:50:09
Madhu,ago,2024-02-28 10:50:37
Madhu,out,2024-02-28 10:50:50
Madhu,log,2024-02-28 10:51:01
Madhu,cow,2024-02-28 10:51:25
Madhu,ice,2024-02-28 10:51:39
Madhu,art,2024-02-28 10:52:09
Madhu,act,2024-02-28 10:52:27
Madhu,not,2024-02-28 10:54:22
Madhu,old,2024-02-28 10:54:36
Madhu,air,2024-02-28 10:54:48
Madhu,can,2024-02-28 10:54:57
Madhu,why,2024-02-28 10:55:12
Madhu,the,2024-02-28 10:55:43
Madhu,now,2024-02-28 10:56:31
Madhu,men,2024-02-28 10:59:29
Madhu,sun,2024-02-28 10:59:45
Madhu,hit,2024-02-28 11:00:33
Madhu,fat,2024-02-28 11:01:24
Madhu,ten,2024-02-28 11:01:31
Madhu,say,2024-02-28 11:01:41
Madhu,bad,2024-02-28 11:01:51
Madhu,row,2024-02-28 11:02:45
Madhu,cat,2024-02-28 11:02:55
Madhu,saw,2024-02-28 11:04:00
Madhu,six,2024-02-28 11:04:53
Madhu,lot,2024-02-28 11:06:41
Madhu,key,2024-02-28 11:07:27
Madhu,for,2024-02-28 11:08:47
Madhu,got,2024-02-28 11:09:01
Madhu,leg,2024-02-28 11:09:56
Madhu,day,2024-02-28 11:10:45
Madhu,how,2024-02-28 11:11:05
Madhu,low,2024-02-28 11:11:17
Madhu,egg,2024-02-28 11:11:25
Madhu,led,2024-02-28 11:11:37
Madhu,fun,2024-02-28 11:11:47
Madhu,any,2024-02-28 11:13:24
Madhu,lay,2024-02-28 11:14:08
Madhu,ran,2024-02-28 11:14:44
Madhu,sit,2024-02-28 11:14:56
Madhu,job,2024-02-28 11:15:07
Madhu,has,2024-02-28 11:16:30
Madhu,arm,2024-02-28 11:18:05
Madhu,hat,2024-02-28 11:18:18
Madhu,eye,2024-02-28 11:30:14
Madhu,top,2024-02-28 11:30:27
Madhu,yes,2024-02-28 11:30:51
Madhu,him,2024-02-28 11:31:20
Madhu,eat,2024-02-28 11:31:42
Madhu,mix,2024-02-28 11:34:04
Madhu,may,2024-03-01 12:15:08
Madhu,big,2024-03-01 12:15:19
Madhu,our,2024-03-01 12:18:08
Madhu,pay,2024-03-01 12:19:36
Madhu,dad,2024-03-01 12:19:43
Madhu,but,2024-03-01 12:19:54
Madhu,son,2024-03-01 12:22:13
Madhu,who,2024-03-01 12:22:24
Madhu,off,2024-03-01 12:22:33
Madhu,and,2024-03-01 12:23:09
Madhu,gas,2024-03-01 12:23:23
Madhu,ear,2024-03-01 12:23:47
Madhu,far,2024-03-01 12:23:56
Madhu,cry,2024-03-01 12:25:19
Madhu,fly,2024-03-01 12:26:07
Madhu,own,2024-03-01 12:26:28
Madhu,new,2024-03-01 12:27:23
Madhu,she,2024-03-01 12:28:16
Madhu,are,2024-03-01 12:30:31
Madhu,sat,2024-03-01 12:30:44
Madhu,too,2024-03-01 12:33:10
Madhu,its,2024-03-01 12:34:43
Madhu,die,2024-03-01 12:34:53
Madhu,run,2024-03-01 12:36:16
Madhu,her,2024-03-01 12:37:32
Madhu,fig,2024-03-01 12:37:59
Madhu,lie,2024-03-01 12:39:06
Madhu,map,2024-03-01 12:39:29
Madhu,all,2024-03-01 12:39:55
Madhu,man,2024-03-01 12:40:22
Madhu,hot,2024-03-01 12:40:38
Madhu,car,2024-03-01 12:52:20
Madhu,bit,2024-03-01 12:52:39
Madhu,nor,2024-03-01 12:53:19
Madhu,red,2024-03-01 13:01:02
Madhu,two,2024-03-01 13:01:44
Madhu,sky,2024-03-01 13:02:30
Madhu,his,2024-03-01 13:02:53
Madhu,bed,2024-03-01 13:03:42
Madhu,you,2024-03-01 13:04:34
Madhu,box,2024-03-01 13:05:13
Madhu,fit,2024-03-01 13:05:54
Madhu,use,2024-03-01 13:06:40
Madhu,get,2024-03-01 13:07:45
Madhu,age,2024-03-01 13:07:56
Madhu,gun,2024-03-01 13:09:41
Madhu,hi,2024-03-02 11:34:52
Madhu,set,2024-03-04 15:14:09
Madhu,wet,2024-03-04 15:15:59
Madhu,fan,2024-03-04 15:16:41
Madhu,let,2024-03-04 15:16:54
Madhu,was,2024-03-04 15:19:54
Madhu,set,2024-03-04 15:21:00
Madhu,did,2024-03-04 15:22:35
Madhu,fed,2024-03-04 15:26:56
Madhu,dal,2024-03-04 15:27:22
Madhu,ill,2024-03-04 15:29:28
Madhu,let,2024-03-04 15:30:06
Madhu,ask,2024-03-04 15:32:17
Madhu,tie,2024-03-04 15:45:13
Madhu,fee,2024-03-04 15:52:26
Madhu,did,2024-03-04 15:53:27
Madhu,add,2024-03-04 16:02:58
Madhu,add,2024-03-04 16:04:12
Madhu,jug,2024-03-04 16:04:30
Madhu,follow,2024-03-06 13:39:08
Madhu,em,2024-03-06 17:11:22
Madhu,sa,2024-03-06 17:11:32
Madhu,id,2024-03-06 17:18:18
Madhu,os,2024-03-06 17:18:43
Madhu,wy,2024-03-06 17:18:55
Madhu,yo,2024-03-06 17:19:08
Madhu,pi,2024-03-06 17:19:31
Madhu,ah,2024-03-06 17:20:06
Madhu,ha,2024-03-06 17:20:16
Madhu,om,2024-03-06 17:20:40
Madhu,put,2024-03-06 21:38:02
Madhu,way,2024-03-06 21:38:28
Madhu,raw,2024-03-06 21:42:25
Madhu,bat,2024-03-06 21:42:40
Madhu,toy,2024-03-06 21:42:56
Madhu,few,2024-03-06 21:43:39
Madhu,sea,2024-03-06 21:44:14
Madhu,joy,2024-03-06 21:44:33
Madhu,pom,2024-03-06 21:47:21
Madhu,end,2024-03-06 21:48:47
Madhu,bow,2024-03-06 21:48:58
Madhu,end,2024-03-06 21:49:39
Madhu,hop,2024-03-06 21:49:59
Madhu,pad,2024-03-06 21:50:43
Madhu,ton,2024-03-06 21:53:33
Madhu,law,2024-03-06 21:56:13
Madhu,cut,2024-03-06 21:56:44
Madhu,ewe,2024-03-06 21:57:04
Madhu,dig,2024-03-06 21:57:18
Madhu,win,2024-03-06 21:57:57
Madhu,put,2024-03-06 21:58:09
Madhu,net,2024-03-06 21:58:20
Madhu,wee,2024-03-06 21:58:27
Madhu,end,2024-03-06 21:58:56
Madhu,way,2024-03-06 21:59:21
Madhu,bat,2024-03-06 22:01:38
Madhu,pot,2024-03-06 22:02:55
Madhu,gaz,2024-03-06 22:03:09
Madhu,pen,2024-03-06 22:05:11
Madhu,cut,2024-03-06 22:05:23
Madhu,pot,2024-03-06 22:06:37
Madhu,bee,2024-03-06 22:09:17
Madhu,fod,2024-03-06 22:12:12
Madhu,bon,2024-03-06 22:13:02
Madhu,rub,2024-03-06 22:13:13
Madhu,aid,2024-03-06 22:13:47
Madhu,yea,2024-03-06 22:15:15
Madhu,ara,2024-03-06 22:17:14
Madhu,sot,2024-03-06 22:19:38
Madhu,odd,2024-03-06 22:20:01
Madhu,raw,2024-03-06 22:31:56
Madhu,yet,2024-03-06 22:39:44
Madhu,few,2024-03-06 22:40:18
Madhu,ods,2024-03-06 22:40:33
Madhu,mab,2024-03-06 22:41:44
Madhu,mae,2024-03-06 22:43:38
Madhu,cur,2024-03-06 22:46:59
Madhu,buy,2024-03-06 22:48:44
Madhu,web,2024-03-06 22:52:08
Madhu,try,2024-03-06 22:52:43
Madhu,dry,2024-03-12 17:14:11
Madhu,hub,2024-03-12 17:15:19
Madhu,juice,2024-03-12 22:10:32
Madhu,sue,2024-03-14 16:19:23
Madhu,gen,2024-03-14 16:19:30
Madhu,boy,2024-03-14 16:19:38
Madhu,eta,2024-03-14 16:21:14
Madhu,awe,2024-03-14 16:21:21
Madhu,leaf,2024-03-15 20:08:05
Madhu,also,2024-03-15 20:09:09
Madhu,like,2024-03-15 20:10:46
Madhu,left,2024-03-15 20:12:31
Madhu,soft,2024-03-15 20:13:18
Madhu,moon,2024-03-15 20:14:28
Madhu,best,2024-03-15 20:17:02
Madhu,many,2024-03-16 09:50:01
Madhu,list,2024-03-16 09:51:42
Madhu,boat,2024-03-16 09:57:58
Madhu,time,2024-03-16 09:58:10
Madhu,bird,2024-03-16 10:02:20
Madhu,list,2024-03-16 10:02:53
Madhu,into,2024-03-16 10:03:11
Madhu,home,2024-03-16 10:03:46
Madhu,know,2024-03-16 10:04:16
Madhu,said,2024-03-16 10:04:56
Madhu,mass,2024-03-16 10:07:06
Madhu,noun,2024-03-16 10:08:39
Madhu,help,2024-03-16 10:09:30
Madhu,love,2024-03-16 10:12:41
Madhu,four,2024-03-16 10:21:09
Madhu,complex,2024-03-19 02:14:36
